drop database if exists recruiting_db;
create database recruiting_db;
use recruiting_db;

CREATE TABLE Coaches(
	CoachID INT NOT NULL PRIMARY KEY auto_increment,
    Coach_FName Char(25) NOT NULL,
    Coach_LName Char(25) NOT NULL,
    CPosition Char(25) NOT NULL,
    Coach_DOB date NOT NULL, 
    Coach_Phone CHAR(12) NOT NULL,
    Coach_Work_Email VARCHAR(100) NOT NULL UNIQUE,
    Coach_P_Email varchar(100) NOT NULL UNIQUE
);

create table RecruitingClass(
	ClassID int not null primary key auto_increment,
    RecruitYear year not null
);
CREATE TABLE Players (
    PlayerID INT NOT NULL PRIMARY KEY AUTO_INCREMENT,
    Player_FName CHAR(25) NOT NULL,
    Player_LName CHAR(25) NOT NULL,
    Player_DOB DATE NOT NULL,
    Player_Street CHAR(25) NULL,
    Player_City CHAR(25) NULL,
    Player_State CHAR(25) NULL,
    Player_Country CHAR(25) NULL,
    Player_Email VARCHAR(100) NULL,
    Player_Phone CHAR(12) NULL,
    Parent1_FName CHAR(25) NULL,
    Parent1_LName CHAR(25) NULL,
    Parent1_Phone CHAR(12) NULL,
    Parent1_Email VARCHAR(100) NULL,
    Parent2_FName CHAR(25) NULL,
    Parent2_LName CHAR(25) NULL,
    Parent2_Phone CHAR(12) NULL,
    Parent2_Email VARCHAR(100) NULL,
    Player_Sibling_Names CHAR(100) NULL,
    Player_living_situation CHAR(100) NULL,
    Player_School_Name CHAR(50) NULL,
    Player_School_Street CHAR(25) NULL,
    Player_School_City CHAR(25) NULL,
    Player_School_State CHAR(25) NULL,
    Player_School_Country CHAR(25) NULL,
    Player_HSCoach_FName CHAR(25) NULL,
    Player_HSCoach_LName CHAR(25) NULL,
    Player_HSCoach_Phone CHAR(15) NULL,
    Player_HSCoach_Email VARCHAR(100) NULL,
    Player_HSCoach_WAS BOOL NULL,
    Player_AAU_Team CHAR(25) NULL,
    Player_AAU_State VARCHAR(100) NULL,
    Player_AAUCoach_FName CHAR(25) NULL,
    Player_AAUCoach_LName CHAR(25) NULL,
    Player_AAUCoach_Phone CHAR(15) NULL,
    Player_AAUCoach_Email VARCHAR(100) NULL,
    Player_Date_Located DATE NOT NULL,
    Player_Event_Located CHAR(100) NOT NULL,
    CoachID int not null,
    ClassID int not null,
    constraint Coaches_CoachesID_FK
		foreign key (CoachID)
        References Coaches(CoachID),
	constraint RecruitingClass_ClassID_FK
		foreign key (ClassID)
        References RecruitingClass(ClassID)
);

create table PlayerStats(
	PlayerStatsID int not null primary key,
    Player_Position char(3) not null,
    Player_PriorPPG numeric(4,2) null,
    Player_PriorRPG numeric(4,2) null,
    Player_PriorAPG numeric(4,2) null,
    Player_PriorSPG numeric(4,2) null,
    Player_PriorBPG numeric(4,2) null,
    constraint Players_PlayerStats_FK
		foreign key (PlayerStatsID)
        references Players(PlayerID)
        ON DELETE CASCADE
);

create table OfferPlayer(
	OfferID int not null primary key,
    Offer bool not null,
    constraint Players_Offer_FK
		foreign key (OfferID)
        References Players(PlayerID)
        ON DELETE CASCADE
);
create table Academics(
	AcadID int not null primary key,
    PlayerGPA numeric(3,2) null,
    Academic_interest char(25) null,
    PlayerTranscript bool NOT NULL,
    constraint Players_Acad_FK
		foreign key (AcadID)
        References Players(PlayerID)
        ON DELETE CASCADE
);
create table Notes(
	NotesID int not null primary key auto_increment,
    CoachComments mediumtext null,
    CoachCommentsDate datetime default now(),
    VisitType char(25) null,
    VisitComments mediumtext null,
    VisitCommentsDate datetime default now(),
    ContactType char(25) null,
    ContactNotes mediumtext null,
    ContactNotesDate datetime default now(),
    EventNotes mediumtext null,
    EventNotesDate datetime default now()
);
create table PlayerNotes(
	PlayerID int not null,
    NotesID int not null,
	constraint PlayerID_PlayerNotes_FK
		foreign key (PlayerID)
        References Players(PlayerID),
	constraint PlayerID_NotesTable_FK
		foreign key (NotesID)
        References Notes(NotesID)
);
insert into Coaches (CoachID, Coach_FName, Coach_LName, CPosition, Coach_DOB, Coach_Phone, Coach_Work_Email, Coach_P_Email) values (1, 'Joe', 'Conroy', 'Head Coach', '1964-09-11', '123-456-7890','jc@kish.edu', 'jc@personal.com');
insert into Coaches (CoachID, Coach_FName, Coach_LName, CPosition, Coach_DOB, Coach_Phone, Coach_Work_Email, Coach_P_Email) values (2, 'Eric', 'Schrader', 'Head Assistant Coach', '1985-08-21', '456-789-0123','es@kish.edu', 'es@personal.com');
insert into Coaches (CoachID, Coach_FName, Coach_LName, CPosition, Coach_DOB, Coach_Phone, Coach_Work_Email, Coach_P_Email) values (3, 'Ryan', 'Pic', 'Volunteer Assistant Coach', '1971-02-13', '789-012-3456','rp@kish.edu', 'rp@personal.com');
insert into Coaches (CoachID, Coach_FName, Coach_LName, CPosition, Coach_DOB, Coach_Phone, Coach_Work_Email, Coach_P_Email) values (4, 'Mason', 'Conroy', 'Volunteer Assistant Coach', '1998-10-21', '135-246-7890','mc@kish.edu', 'mc@personal.com');
insert into Coaches (CoachID, Coach_FName, Coach_LName, CPosition, Coach_DOB, Coach_Phone, Coach_Work_Email, Coach_P_Email) values (5, 'Ethan', 'Conroy', 'Volunteer Assistant Coach', '1997-07-18', '098-765-4321','ec@kish.edu', 'ec@personal.com');

insert into RecruitingClass (ClassID, RecruitYear) values (1, 2021);
insert into RecruitingClass (ClassID, RecruitYear) values (2, 2022);
insert into RecruitingClass (ClassID, RecruitYear) values (3, 2023);
insert into RecruitingClass (ClassID, RecruitYear) values (4, 2024);
insert into RecruitingClass (ClassID, RecruitYear) values (5, 2025);
insert into RecruitingClass (ClassID, RecruitYear) values (6, 2026);

insert into Players (PlayerID, Player_FName, Player_LName, Player_DOB, Player_Street, Player_City, Player_State, Player_Country, Player_Email, Player_Phone, Parent1_FName, Parent1_LName, Parent1_Phone, Parent1_Email, Parent2_FName, Parent2_LName, Player_Sibling_Names, Player_Living_Situation, Player_School_Name, Player_School_Street, Player_School_City, Player_School_State, Player_School_Country, Player_HSCoach_FName, Player_HSCoach_LName, Player_HSCoach_Phone, Player_HSCoach_Email, Player_HSCoach_WAS, Player_AAU_Team, Player_AAUCoach_FName, Player_AAUCoach_LName, Player_AAUCoach_Phone, Player_AAUCoach_Email, Player_Date_Located, Player_Event_Located, CoachID, ClassID) values (1, 'Jock', 'Pendock', '2004-06-19', '37036 Rieder Crossing', 'Aurora', 'Illinois', 'United States', 'jcandlish0@cbsnews.com', '658-390-8126', 'Titos', 'Pendock', '271-562-6923', 'jcandlish0@squidoo.com', 'Allys', 'Pendock', 'Zola Pendock', 'With Parents', 'West Madison Falls High School', '8 Duke Alley', 'Aurora', 'Illinois', 'United States', 'Billy', 'Woodford', '418-103-9346', 'jcandlish0@bluehost.com', false, 'The Daffodils', 'George', 'Candlish', '797-343-6618', 'jcandlish0@zimbio.com', '2020-01-23', 'High School Game', 1, 1);
insert into Players (PlayerID, Player_FName, Player_LName, Player_DOB, Player_Street, Player_City, Player_State, Player_Country, Player_Email, Player_Phone, Parent1_FName, Parent1_LName, Parent1_Phone, Parent1_Email, Parent2_FName, Parent2_LName, Player_Sibling_Names, Player_Living_Situation, Player_School_Name, Player_School_Street, Player_School_City, Player_School_State, Player_School_Country, Player_HSCoach_FName, Player_HSCoach_LName, Player_HSCoach_Phone, Player_HSCoach_Email, Player_HSCoach_WAS, Player_AAU_Team, Player_AAUCoach_FName, Player_AAUCoach_LName, Player_AAUCoach_Phone, Player_AAUCoach_Email, Player_Date_Located, Player_Event_Located, CoachID, ClassID) values (2, 'Itch', 'Kimmitt', '2004-11-20', '9991 Anzinger Pass', 'DeKalb', 'Illinois', 'United States', 'ierbe1@bloglines.com', '793-756-3269', 'Annabell', 'Kimmitt', '962-710-0119', 'ierbe1@chron.com', 'Konstantine', 'Kimmitt', 'Jamey Kimmitt', 'With Parents', 'Aberdeen Academy', '8 Farmco Lane', 'DeKalb', 'Illinois', 'United States', '725-224-4482', 'Milka', 'Storton', 'ierbe1@google.es', true, 'The Best Team Ever', 'David', 'Erbe', '181-680-2915', 'ierbe1@paginegialle.it', '2019-03-12', 'High School Game', 2, 2);
insert into Players (PlayerID, Player_FName, Player_LName, Player_DOB, Player_Street, Player_City, Player_State, Player_Country, Player_Email, Player_Phone, Parent1_FName, Parent1_LName, Parent1_Phone, Parent1_Email, Parent2_FName, Parent2_LName, Player_Sibling_Names, Player_Living_Situation, Player_School_Name, Player_School_Street, Player_School_City, Player_School_State, Player_School_Country, Player_HSCoach_FName, Player_HSCoach_LName, Player_HSCoach_Phone, Player_HSCoach_Email, Player_HSCoach_WAS, Player_AAU_Team, Player_AAUCoach_FName, Player_AAUCoach_LName, Player_AAUCoach_Phone, Player_AAUCoach_Email, Player_Date_Located, Player_Event_Located, CoachID, ClassID) values (3, 'Nestor', 'Ovill', '2003-06-03', '9 Burrows Street', 'Gary', 'Indiana', 'United States', 'ntenaunt2@wikipedia.org', '758-922-7802', 'Lissy', 'Ovill', '944-683-9996', 'ntenaunt2@cbsnews.com', 'Freddie', 'Ovill', 'Meara Ovill', 'With Parents', 'Dalloway High School', '0 Derek Place', 'Gary', 'Indiana', 'United States', 'Lira', 'Corsan', '633-955-2251', 'ntenaunt2@nytimes.com', false, 'Teh Timberwolves', 'Skip', 'Tenaunt', '957-578-4893', 'ntenaunt2@youtube.com', '2021-07-23', 'AAU tournament (Gym Rats)', 5, 2);
insert into Players (PlayerID, Player_FName, Player_LName, Player_DOB, Player_Street, Player_City, Player_State, Player_Country, Player_Email, Player_Phone, Parent1_FName, Parent1_LName, Parent1_Phone, Parent1_Email, Parent2_FName, Parent2_LName, Player_Sibling_Names, Player_Living_Situation, Player_School_Name, Player_School_Street, Player_School_City, Player_School_State, Player_School_Country, Player_HSCoach_FName, Player_HSCoach_LName, Player_HSCoach_Phone, Player_HSCoach_Email, Player_HSCoach_WAS, Player_AAU_Team, Player_AAUCoach_FName, Player_AAUCoach_LName, Player_AAUCoach_Phone, Player_AAUCoach_Email, Player_Date_Located, Player_Event_Located, CoachID, ClassID) values (4, 'Hort', 'Biddell', '2002-05-02', '6 Sachs Street', 'Woodstock', 'Illinois', 'United States', 'hmanz3@clickbank.net', '232-109-5109', 'Skippie', 'Biddell', '959-439-7976', 'hmanz3@yolasite.com', 'Issie', 'Huban', 'Mada Biddell', 'With Mom (Issie)', 'Apsen Heights High School', '8 Anniversary Road', 'Woodstock', 'Illinois', 'United States',  'Ritchie', 'Kunert', '834-931-0455', 'hmanz3@businesswire.com', true, 'Skywalker', 'Craig', 'Manz', '736-863-7701', 'hmanz3@bing.com', '2021-07-23', 'AAU tournament (Gym Rats)', 2, 2);
insert into Players (PlayerID, Player_FName, Player_LName, Player_DOB, Player_Street, Player_City, Player_State, Player_Country, Player_Email, Player_Phone, Parent1_FName, Parent1_LName, Parent1_Phone, Parent1_Email, Parent2_FName, Parent2_LName, Player_Sibling_Names, Player_Living_Situation, Player_School_Name, Player_School_Street, Player_School_City, Player_School_State, Player_School_Country, Player_HSCoach_FName, Player_HSCoach_LName, Player_HSCoach_Phone, Player_HSCoach_Email, Player_HSCoach_WAS, Player_AAU_Team, Player_AAUCoach_FName, Player_AAUCoach_LName, Player_AAUCoach_Phone, Player_AAUCoach_Email, Player_Date_Located, Player_Event_Located, CoachID, ClassID) values (5, 'Darby', 'Loxston', '2001-11-22', '92 Lighthouse Bay Point', 'Naperville', 'Illinois', 'United States', 'dherculeson4@ask.com', '419-768-9981', 'Shannah', 'Loxston', '855-365-4517', 'dherculeson4@irs.gov', 'Chantal', 'Loxston', 'Farleigh Loxston', 'With Parents', 'Heritage Westen High School', '26 Waxwing Crossing', 'Naperville', 'Illinois', 'United States', 'Darcey', 'Ames', '990-609-8416', 'dherculeson4@netscape.com', true, 'The Horses', 'Brett', 'Herculeson', '473-860-2963', 'dherculeson4@apache.org', '2021-05-21', 'Showcase (Chicago)', 3, 2);
insert into Players (PlayerID, Player_FName, Player_LName, Player_DOB, Player_Street, Player_City, Player_State, Player_Country, Player_Email, Player_Phone, Parent1_FName, Parent1_LName, Parent1_Phone, Parent1_Email, Parent2_FName, Parent2_LName, Player_Sibling_Names, Player_Living_Situation, Player_School_Name, Player_School_Street, Player_School_City, Player_School_State, Player_School_Country, Player_HSCoach_FName, Player_HSCoach_LName, Player_HSCoach_Phone, Player_HSCoach_Email, Player_HSCoach_WAS, Player_AAU_Team, Player_AAUCoach_FName, Player_AAUCoach_LName, Player_AAUCoach_Phone, Player_AAUCoach_Email, Player_Date_Located, Player_Event_Located, CoachID, classID) values (6, 'Sean', 'MacAlinden', '2001-03-23', '914 Miller Junction', 'White Fish Bay', 'Wisconsin', 'United States', 'schimes5@tripadvisor.com', '167-638-6339', 'Woodie', 'MacAlinden', '730-205-9916', 'schimes5@eepurl.com', 'Sunshine', 'McGrail', 'Dacia MacAlinden', 'With Dad(Woodie)', 'Columbia Northern High School', '3 Artisan Place', 'White Fish Bay', 'Wisconsin', 'United States', 'Derick', 'Matisoff', '879-257-6442', 'schimes5@youtu.be', false, 'The Biggest Losers', 'Clark', 'Chimes', '567-756-0301', 'schimes5@google.pl', '2020-12-02', 'High School Game', 4, 3);
insert into Players (PlayerID, Player_FName, Player_LName, Player_DOB, Player_Street, Player_City, Player_State, Player_Country, Player_Email, Player_Phone, Parent1_FName, Parent1_LName, Parent1_Phone, Parent1_Email, Parent2_FName, Parent2_LName, Player_Sibling_Names, Player_Living_Situation, Player_School_Name, Player_School_Street, Player_School_City, Player_School_State, Player_School_Country, Player_HSCoach_FName, Player_HSCoach_LName, Player_HSCoach_Phone, Player_HSCoach_Email, Player_HSCoach_WAS, Player_AAU_Team, Player_AAUCoach_FName, Player_AAUCoach_LName, Player_AAUCoach_Phone, Player_AAUCoach_Email, Player_Date_Located, Player_Event_Located, CoachID, ClassID) values (7, 'Gran', 'Aust', '2002-01-20', '89861 Milwaukee Center', 'Chicago', 'Illinois', 'United States', 'gelsmore6@weibo.com', '877-642-4124', 'Avrit', 'Aust', '245-490-8711', 'gelsmore6@eepurl.com', 'Angelita', 'Aust', 'Marmaduke Aust', 'With Parents', 'Paramont High School', '628 Forest Circle', 'Chicago', 'Illinois', 'United States', 'Elden', 'Gascoyne', '602-236-7846', 'gelsmore6@nytimes.com', false, 'Mighty Goldfish', 'Wes', 'Elsmore', '660-311-5080', 'gelsmore6@yahoo.co.jp', '2020-01-18', 'High School Game', 4, 1);
insert into Players (PlayerID, Player_FName, Player_LName, Player_DOB, Player_Street, Player_City, Player_State, Player_Country, Player_Email, Player_Phone, Parent1_FName, Parent1_LName, Parent1_Phone, Parent1_Email, Parent2_FName, Parent2_LName, Player_Sibling_Names, Player_Living_Situation, Player_School_Name, Player_School_Street, Player_School_City, Player_School_State, Player_School_Country, Player_HSCoach_FName, Player_HSCoach_LName, Player_HSCoach_Phone, Player_HSCoach_Email, Player_HSCoach_WAS, Player_AAU_Team, Player_AAUCoach_FName, Player_AAUCoach_LName, Player_AAUCoach_Phone, Player_AAUCoach_Email, Player_Date_Located, Player_Event_Located, CoachID, ClassID) values (8, 'Tanner', 'McFeat', '2005-10-20', '054 American Ash Way', 'Roscoe', 'Illinois', 'United States', 'tharsent7@statcounter.com', '797-960-9191', 'Derrek', 'McFeat', '840-652-2809', 'tharsent7@booking.com', 'Jamie', 'McFeat', 'Amy McFeat', 'With Mom (Jamie)', 'Aspen High School', '7003 Algoma Park', 'Roscoe', 'Illinois', 'United States', 'Lavena', 'Braben', '569-485-7417', 'tharsent7@pen.io', true, 'Dribblers', 'Kent', 'Harsent', '457-607-4089', 'tharsent7@redcross.org', '2019-11-17', 'High School Game', 5, 3);
insert into Players (PlayerID, Player_FName, Player_LName, Player_DOB, Player_Street, Player_City, Player_State, Player_Country, Player_Email, Player_Phone, Parent1_FName, Parent1_LName, Parent1_Phone, Parent1_Email, Parent2_FName, Parent2_LName, Player_Sibling_Names, Player_Living_Situation, Player_School_Name, Player_School_Street, Player_School_City, Player_School_State, Player_School_Country, Player_HSCoach_FName, Player_HSCoach_LName, Player_HSCoach_Phone, Player_HSCoach_Email, Player_HSCoach_WAS, Player_AAU_Team, Player_AAUCoach_FName, Player_AAUCoach_LName, Player_AAUCoach_Phone, Player_AAUCoach_Email, Player_Date_Located, Player_Event_Located, CoachID, ClassID) values (9, 'Skippie', 'Enochsson', '2002-07-29', '821 5th Place', 'Malta', 'Iowa', 'United States', 'sgilleon8@va.gov', '634-227-5046', 'Piotr', 'Enochsson', '153-844-7088', 'sgilleon8@youku.com', 'Elisabeth', 'Enochsson', 'Consuelo Enochsson', 'With Parents', 'Glacier High School', '3274 Carpenter Parkway', 'Malta', 'Iowa', 'United States', 'Aridatha', 'Lamonby', '937-526-1437', 'sgilleon8@foxnews.com', false, 'Inferno', 'Dominic', 'Gilleon', '355-837-4964', 'sgilleon8@skyrock.com', '2020-02-12', 'High School Game', 1, 2);
insert into Players (PlayerID, Player_FName, Player_LName, Player_DOB, Player_Street, Player_City, Player_State, Player_Country, Player_Email, Player_Phone, Parent1_FName, Parent1_LName, Parent1_Phone, Parent1_Email, Parent2_FName, Parent2_LName, Player_Sibling_Names, Player_Living_Situation, Player_School_Name, Player_School_Street, Player_School_City, Player_School_State, Player_School_Country, Player_HSCoach_FName, Player_HSCoach_LName, Player_HSCoach_Phone, Player_HSCoach_Email, Player_HSCoach_WAS, Player_AAU_Team, Player_AAUCoach_FName, Player_AAUCoach_LName, Player_AAUCoach_Phone, Player_AAUCoach_Email, Player_Date_Located, Player_Event_Located, CoachID, ClassID) values (10, 'Frants', 'Wildman', '1999-05-06', '092 Corben Park', 'Austin', 'Texas', 'United States', 'fhackly9@smh.com.au', '269-855-1844', 'Gerik', 'Wildman', '678-405-6432', 'fhackly9@arstechnica.com', 'Juliet', 'Wildman', 'Alyda Wildman', 'With Parents', 'Becon Falls High School', '39 Lakeland Place', 'Austin', 'Texas', 'United States', 'Garey', 'Stenyng', '507-357-7813', 'fhackly9@slashdot.org', false, 'Sparks', 'Jordan', 'Hackly', '543-545-5660', 'fhackly9@yahoo.co.jp', '2021-05-21', 'Showcase (Chicago)', 2, 2);
insert into Players (PlayerID, Player_FName, Player_LName, Player_DOB, Player_Street, Player_City, Player_State, Player_Country, Player_Email, Player_Phone, Parent1_FName, Parent1_LName, Parent1_Phone, Parent1_Email, Parent2_FName, Parent2_LName, Player_Sibling_Names, Player_Living_Situation, Player_School_Name, Player_School_Street, Player_School_City, Player_School_State, Player_School_Country, Player_HSCoach_FName, Player_HSCoach_LName, Player_HSCoach_Phone, Player_HSCoach_Email, Player_HSCoach_WAS, Player_AAU_Team, Player_AAUCoach_FName, Player_AAUCoach_LName, Player_AAUCoach_Phone, Player_AAUCoach_Email, Player_Date_Located, Player_Event_Located, CoachID, ClassID) values (11, 'Howard', 'Gipps', '2004-04-16', '6 Loeprich Terrace', 'Rochelle', 'Illinois', 'United States', 'hdobbiea@craigslist.org', '599-280-1216', 'Kristopher', 'Gipps', '835-955-0811', 'hdobbiea@tripadvisor.com', 'Gipps', 'Waliszek-Gipps', 'Meier Gipps', 'With Parents', 'Brooksville High School', '527 Eastwood Court', 'Rochelle', 'Illinois', 'United States', 'Jonas', 'Ecob', '107-305-6245', 'hdobbiea@tinyurl.com', true, 'Players Advantage', 'Ralph', 'Dobbie', '859-456-2833', 'hdobbiea@unblog.fr', '2021-07-24', 'AAU tournament (Gym Rats)', 3, 3);
insert into Players (PlayerID, Player_FName, Player_LName, Player_DOB, Player_Street, Player_City, Player_State, Player_Country, Player_Email, Player_Phone, Parent1_FName, Parent1_LName, Parent1_Phone, Parent1_Email, Parent2_FName, Parent2_LName, Player_Sibling_Names, Player_Living_Situation, Player_School_Name, Player_School_Street, Player_School_City, Player_School_State, Player_School_Country, Player_HSCoach_FName, Player_HSCoach_LName, Player_HSCoach_Phone, Player_HSCoach_Email, Player_HSCoach_WAS, Player_AAU_Team, Player_AAUCoach_FName, Player_AAUCoach_LName, Player_AAUCoach_Phone, Player_AAUCoach_Email, Player_Date_Located, Player_Event_Located, CoachID, ClassID) values (12, 'Aksel', 'Dondon', '2002-07-04', '86 Fisk Circle', 'Gary', 'Indiana', 'United States', 'akettlesingb@shop-pro.jp', '320-172-1865', 'Heidi', 'Dondon', '883-952-9302', 'akettlesingb@mapquest.com', 'King', 'Dondon', 'Elisha And John Dondon', 'With Parents', 'Capitol High School', '91 Menomonie Avenue', 'Gary', 'Indiana', 'United States', 'Killie', 'Northfield', '157-971-0542', 'akettlesingb@amazon.com', true, 'Mercury Elite', 'Aaron', 'Kettlesing', '250-156-6986', 'akettlesingb@vinaora.com', '2021-02-21', 'High School Game', 3, 4);
insert into Players (PlayerID, Player_FName, Player_LName, Player_DOB, Player_Street, Player_City, Player_State, Player_Country, Player_Email, Player_Phone, Parent1_FName, Parent1_LName, Parent1_Phone, Parent1_Email, Parent2_FName, Parent2_LName, Player_Sibling_Names, Player_Living_Situation, Player_School_Name, Player_School_Street, Player_School_City, Player_School_State, Player_School_Country, Player_HSCoach_FName, Player_HSCoach_LName, Player_HSCoach_Phone, Player_HSCoach_Email, Player_HSCoach_WAS, Player_AAU_Team, Player_AAUCoach_FName, Player_AAUCoach_LName, Player_AAUCoach_Phone, Player_AAUCoach_Email, Player_Date_Located, Player_Event_Located, CoachID, ClassID) values (13, 'Woodman', 'Guilloton', '2001-09-09', '0 Spaight Hill', 'Milwaukee', 'Wisconsin', 'United States', 'wdommc@dion.ne.jp', '854-746-5207', 'Stephani', 'Guilloton', '202-233-0264', 'wdommc@si.edu', 'Lindsay', 'Guilloton', 'Alica Guilloton','With Parents', 'Christian Kingdom Academy', '61 Gina Pass', 'Milwaukee', 'Wisconsin', 'United States', 'Jeri', 'Grise', '691-908-3431', 'wdommc@ihg.com', false, 'Mercury Elite', 'Pat', 'Domm', '603-456-2917', 'wdommc@ebay.com', '2021-05-21', 'Showcase (Chicago)', 4, 2);
insert into Players (PlayerID, Player_FName, Player_LName, Player_DOB, Player_Street, Player_City, Player_State, Player_Country, Player_Email, Player_Phone, Parent1_FName, Parent1_LName, Parent1_Phone, Parent1_Email, Parent2_FName, Parent2_LName, Player_Sibling_Names, Player_Living_Situation, Player_School_Name, Player_School_Street, Player_School_City, Player_School_State, Player_School_Country, Player_HSCoach_FName, Player_HSCoach_LName, Player_HSCoach_Phone, Player_HSCoach_Email, Player_HSCoach_WAS, Player_AAU_Team, Player_AAUCoach_FName, Player_AAUCoach_LName, Player_AAUCoach_Phone, Player_AAUCoach_Email, Player_Date_Located, Player_Event_Located, CoachID, ClassID) values (14, 'Sander', 'Chrestien', '2003-08-29', '614 Victoria Crossing', 'Denver',  'Colorado', 'United States', 'sciciottid@usatoday.com', '703-282-6653', 'Fletch', 'Chrestien', '540-871-0217', 'sciciottid@dagondesign.com', 'Noby', 'Chrestien', 'Anthony', 'With Parents','Cornerstone High School', '9765 Village Street', 'Denver',  'Colorado', 'United States', 'Alix', 'Lombardo', '840-374-3388', 'sciciottid@state.gov', false, 'Magic', 'Matt', 'Ciciotti', '126-545-9402', 'sciciottid@princeton.edu', '2019-12-18', 'High School Game', 5, 2);
insert into Players (PlayerID, Player_FName, Player_LName, Player_DOB, Player_Street, Player_City, Player_State, Player_Country, Player_Email, Player_Phone, Parent1_FName, Parent1_LName, Parent1_Phone, Parent1_Email, Parent2_FName, Parent2_LName, Player_Sibling_Names, Player_Living_Situation, Player_School_Name, Player_School_Street, Player_School_City, Player_School_State, Player_School_Country, Player_HSCoach_FName, Player_HSCoach_LName, Player_HSCoach_Phone, Player_HSCoach_Email, Player_HSCoach_WAS, Player_AAU_Team, Player_AAUCoach_FName, Player_AAUCoach_LName, Player_AAUCoach_Phone, Player_AAUCoach_Email, Player_Date_Located, Player_Event_Located, CoachID, ClassID) values (15, 'Stinky', 'Rosencrantz', '2000-03-10', '745 Crownhardt Crossing', 'McHenry', 'Illinois', 'United States', 'sprujeane@marketwatch.com', '618-193-1922', 'Talbot', 'Rosencrantz', '574-870-6486', 'sprujeane@meetup.com', 'Ashby', 'Rosencrantz', 'Linette Rosencrantz', 'With Parents', 'Garrision High School', '0 Division Place', 'McHenry', 'Illinois', 'United States', 'Josy', 'Staines', '941-326-5449', 'sprujeane@liveinternet.ru', true, 'Man-Up', 'Jim', 'Prujean', '131-466-1845', 'sprujeane@google.pl', '2021-01-07', 'High School Game', 5, 2);
insert into Players (PlayerID, Player_FName, Player_LName, Player_DOB, Player_Street, Player_City, Player_State, Player_Country, Player_Email, Player_Phone, Parent1_FName, Parent1_LName, Parent1_Phone, Parent1_Email, Parent2_FName, Parent2_LName, Player_Sibling_Names, Player_Living_Situation, Player_School_Name, Player_School_Street, Player_School_City, Player_School_State, Player_School_Country, Player_HSCoach_FName, Player_HSCoach_LName, Player_HSCoach_Phone, Player_HSCoach_Email, Player_HSCoach_WAS, Player_AAU_Team, Player_AAUCoach_FName, Player_AAUCoach_LName, Player_AAUCoach_Phone, Player_AAUCoach_Email, Player_Date_Located, Player_Event_Located, CoachID, ClassID) values (16, 'Julius', 'MacCroary', '2003-03-24', '396 Jay Park', 'Indianapolis', 'Indiana', 'United States', 'jbrungerf@twitter.com', '364-933-6044', 'Dermot', 'MacCroary', '841-527-1649', 'jbrungerf@japanpost.jp', 'Shalna', 'Brookfield', 'Jerrilyn MacCroary', 'With Dad (Dermot)', 'Kennedy High School', '3785 Continental Park', 'Indianapolis', 'Indiana', 'United States', 'Gabriela', 'Colafate', '457-710-3746', 'jbrungerf@goo.gl', false, 'Elite', 'John', 'Brunger', '540-884-3794', 'jbrungerf@shop-pro.jp', '2021-02-02', 'High School Game', 1, 1);
insert into Players (PlayerID, Player_FName, Player_LName, Player_DOB, Player_Street, Player_City, Player_State, Player_Country, Player_Email, Player_Phone, Parent1_FName, Parent1_LName, Parent1_Phone, Parent1_Email, Parent2_FName, Parent2_LName, Player_Sibling_Names, Player_Living_Situation, Player_School_Name, Player_School_Street, Player_School_City, Player_School_State, Player_School_Country, Player_HSCoach_FName, Player_HSCoach_LName, Player_HSCoach_Phone, Player_HSCoach_Email, Player_HSCoach_WAS, Player_AAU_Team, Player_AAUCoach_FName, Player_AAUCoach_LName, Player_AAUCoach_Phone, Player_AAUCoach_Email, Player_Date_Located, Player_Event_Located, CoachID, ClassID) values (17, 'Delmer', 'Perello', '2003-04-25', '3906 Dorton Road', 'Aurora', 'Illinois', 'United States', 'dmatfieldg@mayoclinic.com', '980-223-0389', 'Doretta', 'Perello', '109-400-1656', 'dmatfieldg@phpbb.com', 'Victor', 'Perello', 'Valma Perello', 'With Parents','Lincoln Academy', '70 Village Crossing', 'Aurora', 'Illinois', 'United States', 'Delmore', 'Cowdray', '138-185-4756', 'dmatfieldg@springer.com', true, 'AllStars', 'Stephan', 'Matfield', '173-846-9270', 'dmatfieldg@unicef.org', '2020-01-11', 'High School Game', 3, 2);
insert into Players (PlayerID, Player_FName, Player_LName, Player_DOB, Player_Street, Player_City, Player_State, Player_Country, Player_Email, Player_Phone, Parent1_FName, Parent1_LName, Parent1_Phone, Parent1_Email, Parent2_FName, Parent2_LName, Player_Sibling_Names, Player_Living_Situation, Player_School_Name, Player_School_Street, Player_School_City, Player_School_State, Player_School_Country, Player_HSCoach_FName, Player_HSCoach_LName, Player_HSCoach_Phone, Player_HSCoach_Email, Player_HSCoach_WAS, Player_AAU_Team, Player_AAUCoach_FName, Player_AAUCoach_LName, Player_AAUCoach_Phone, Player_AAUCoach_Email, Player_Date_Located, Player_Event_Located, CoachID, ClassID) values (18, 'Timotheus', 'Braniff', '2004-07-16', '6 Fair Oaks Circle', 'Dekalb', 'Illinois', 'United States', 'tbraccoh@cafepress.com', '199-111-7449', 'Jody', 'Mayers-Braniff', '799-434-8011', 'tbraccoh@acquirethisname.com', 'Ive', 'Braniff', 'Valentine Braniff', 'With Parents', 'Mary Grand High School', '21400 Leroy Crossing', 'Dekalb', 'Illinois', 'United States', 'Marleen', 'Pote', '703-374-0182', 'tbraccoh@e-recht24.de', true, 'Hoops', 'Jack', 'Bracco', '536-490-5760', 'tbraccoh@seesaa.net', '2021-05-21', 'Showcase (Chicago)', 5, 2);
insert into Players (PlayerID, Player_FName, Player_LName, Player_DOB, Player_Street, Player_City, Player_State, Player_Country, Player_Email, Player_Phone, Parent1_FName, Parent1_LName, Parent1_Phone, Parent1_Email, Parent2_FName, Parent2_LName, Player_Sibling_Names, Player_Living_Situation, Player_School_Name, Player_School_Street, Player_School_City, Player_School_State, Player_School_Country, Player_HSCoach_FName, Player_HSCoach_LName, Player_HSCoach_Phone, Player_HSCoach_Email, Player_HSCoach_WAS, Player_AAU_Team, Player_AAUCoach_FName, Player_AAUCoach_LName, Player_AAUCoach_Phone, Player_AAUCoach_Email, Player_Date_Located, Player_Event_Located, CoachID, ClassID) values (19, 'Aylmar', 'Sollom', '2004-02-15', '43 Buhler Road', 'Kenosha', 'Wisconsin', 'United States', 'afitchelli@goo.ne.jp', '819-366-3029', 'Felipa', 'Sollom', '136-882-9590', 'afitchelli@uiuc.edu', 'Lombard', 'Sollom', 'Chelsey, Jack, and Grace Sollom', 'With Parents', 'Woodfield High School', '89 Spohn Way', 'Kenosha', 'Wisconsin', 'United States', 'Ira', 'Summerlad', '746-159-2345', 'afitchelli@yandex.ru', true, 'Swing', 'Keith', 'Fitchell', '843-462-5864', 'afitchelli@ft.com', '2021-07-24', 'AAU tournament (Gym Rats)', 2, 3);
insert into Players (PlayerID, Player_FName, Player_LName, Player_DOB, Player_Street, Player_City, Player_State, Player_Country, Player_Email, Player_Phone, Parent1_FName, Parent1_LName, Parent1_Phone, Parent1_Email, Parent2_FName, Parent2_LName, Player_Sibling_Names, Player_Living_Situation, Player_School_Name, Player_School_Street, Player_School_City, Player_School_State, Player_School_Country, Player_HSCoach_FName, Player_HSCoach_LName, Player_HSCoach_Phone, Player_HSCoach_Email, Player_HSCoach_WAS, Player_AAU_Team, Player_AAUCoach_FName, Player_AAUCoach_LName, Player_AAUCoach_Phone, Player_AAUCoach_Email, Player_Date_Located, Player_Event_Located, CoachID, ClassID) values (20, 'Tades', 'Lemmen', '1998-12-30', '3 Victoria Trail', 'Sycamore', 'Illinois', 'United States', 'tgreensladej@acquirethisname.com', '220-608-8588', 'Cary', 'Lemmen', '716-821-5201', 'tgreensladej@diigo.com', 'Kelsi', 'Lemmen', 'Dillon Lemmen', 'With Parents','Western Valley High School', '1792 Oriole Park', 'Sycamore', 'Illinois', 'United States', 'Nate', 'Crippill', '605-772-7332', 'tgreensladej@symantec.com', true, 'Blaze', 'Ike', 'Greenslade', '763-706-8483', 'tgreensladej@hexun.com', '2020-01-23', 'High School Game', 2, 1);

insert into PlayerStats (PlayerStatsID, Player_Position, Player_PriorPPG, Player_PriorRPG, Player_PriorAPG, Player_PriorSPG, Player_PriorBPG) values (1, 'PG', 18.01, 11.33, 9.55, 3.95, 1.88);
insert into PlayerStats (PlayerStatsID, Player_Position, Player_PriorPPG, Player_PriorRPG, Player_PriorAPG, Player_PriorSPG, Player_PriorBPG) values (2, 'C', 12.24, 8.71, 1.66, 3.11, 4.86);
insert into PlayerStats (PlayerStatsID, Player_Position, Player_PriorPPG, Player_PriorRPG, Player_PriorAPG, Player_PriorSPG, Player_PriorBPG) values (3, 'PG', 5.15, 1.63, 9.06, 2.62, 3.71);
insert into PlayerStats (PlayerStatsID, Player_Position, Player_PriorPPG, Player_PriorRPG, Player_PriorAPG, Player_PriorSPG, Player_PriorBPG) values (4, 'SG', 19.71, 12.41, 3.44, 2.92, 3.47);
insert into PlayerStats (PlayerStatsID, Player_Position, Player_PriorPPG, Player_PriorRPG, Player_PriorAPG, Player_PriorSPG, Player_PriorBPG) values (5, 'PF', 19.97, 2.98, 8.27, 2.44, 1.68);
insert into PlayerStats (PlayerStatsID, Player_Position, Player_PriorPPG, Player_PriorRPG, Player_PriorAPG, Player_PriorSPG, Player_PriorBPG) values (6, 'SF', 10.86, 9.11, 7.49, 2.88, 3.03);
insert into PlayerStats (PlayerStatsID, Player_Position, Player_PriorPPG, Player_PriorRPG, Player_PriorAPG, Player_PriorSPG, Player_PriorBPG) values (7, 'PG', 13.41, 9.89, 2.64, 2.41, 4.38);
insert into PlayerStats (PlayerStatsID, Player_Position, Player_PriorPPG, Player_PriorRPG, Player_PriorAPG, Player_PriorSPG, Player_PriorBPG) values (8, 'PG', 3.12, 6.09, 6.24, 3.28, 4.91);
insert into PlayerStats (PlayerStatsID, Player_Position, Player_PriorPPG, Player_PriorRPG, Player_PriorAPG, Player_PriorSPG, Player_PriorBPG) values (9, 'C', 4.24, 6.59, 6.83, 3.07, 1.0);
insert into PlayerStats (PlayerStatsID, Player_Position, Player_PriorPPG, Player_PriorRPG, Player_PriorAPG, Player_PriorSPG, Player_PriorBPG) values (10, 'C', 19.7, 7.24, 1.37, 1.33, 1.76);
insert into PlayerStats (PlayerStatsID, Player_Position, Player_PriorPPG, Player_PriorRPG, Player_PriorAPG, Player_PriorSPG, Player_PriorBPG) values (11, 'C', 9.36, 5.14, 8.96, 3.92, 2.53);
insert into PlayerStats (PlayerStatsID, Player_Position, Player_PriorPPG, Player_PriorRPG, Player_PriorAPG, Player_PriorSPG, Player_PriorBPG) values (12, 'PG', 15.71, 5.11, 8.04, 3.68, 1.74);
insert into PlayerStats (PlayerStatsID, Player_Position, Player_PriorPPG, Player_PriorRPG, Player_PriorAPG, Player_PriorSPG, Player_PriorBPG) values (13, 'SG', 15.07, 7.66, 3.49, 1.32, 1.04);
insert into PlayerStats (PlayerStatsID, Player_Position, Player_PriorPPG, Player_PriorRPG, Player_PriorAPG, Player_PriorSPG, Player_PriorBPG) values (14, 'SG', 6.71, 7.07, 6.08, 4.41, 1.7);
insert into PlayerStats (PlayerStatsID, Player_Position, Player_PriorPPG, Player_PriorRPG, Player_PriorAPG, Player_PriorSPG, Player_PriorBPG) values (15, 'PG', 13.76, 12.94, 1.42, 2.97, 1.28);
insert into PlayerStats (PlayerStatsID, Player_Position, Player_PriorPPG, Player_PriorRPG, Player_PriorAPG, Player_PriorSPG, Player_PriorBPG) values (16, 'PG', 11.79, 10.94, 3.89, 2.1, 1.44);
insert into PlayerStats (PlayerStatsID, Player_Position, Player_PriorPPG, Player_PriorRPG, Player_PriorAPG, Player_PriorSPG, Player_PriorBPG) values (17, 'PG', 5.85, 13.4, 3.65, 1.97, 4.49);
insert into PlayerStats (PlayerStatsID, Player_Position, Player_PriorPPG, Player_PriorRPG, Player_PriorAPG, Player_PriorSPG, Player_PriorBPG) values (18, 'SF', 19.29, 6.06, 7.11, 4.67, 2.71);
insert into PlayerStats (PlayerStatsID, Player_Position, Player_PriorPPG, Player_PriorRPG, Player_PriorAPG, Player_PriorSPG, Player_PriorBPG) values (19, 'SF', 14.66, 14.95, 5.77, 1.23, 4.05);
insert into PlayerStats (PlayerStatsID, Player_Position, Player_PriorPPG, Player_PriorRPG, Player_PriorAPG, Player_PriorSPG, Player_PriorBPG) values (20, 'IDR', 4.86, 6.26, 8.33, 4.03, 3.22);

insert into Academics (AcadID, PlayerGPA, Academic_interest, PlayerTranscript) values (1, 3.22, 'Services', false);
insert into Academics (AcadID, PlayerGPA, Academic_interest, PlayerTranscript) values (2, 2.6, 'Services', false);
insert into Academics (AcadID, PlayerGPA, Academic_interest, PlayerTranscript) values (3, 3.01, 'Human Resources', false);
insert into Academics (AcadID, PlayerGPA, Academic_interest, PlayerTranscript) values (4, 2.1, 'Legal', false);
insert into Academics (AcadID, PlayerGPA, Academic_interest, PlayerTranscript) values (5, 3.67, 'Product Management', false);
insert into Academics (AcadID, PlayerGPA, Academic_interest, PlayerTranscript) values (6, 2.9, 'Training', true);
insert into Academics (AcadID, PlayerGPA, Academic_interest, PlayerTranscript) values (7, 2.6, 'Business Development', false);
insert into Academics (AcadID, PlayerGPA, Academic_interest, PlayerTranscript) values (8, 3.52, 'Accounting', false);
insert into Academics (AcadID, PlayerGPA, Academic_interest, PlayerTranscript) values (9, 3.39, 'Services', false);
insert into Academics (AcadID, PlayerGPA, Academic_interest, PlayerTranscript) values (10, 2.55, 'Services', true);
insert into Academics (AcadID, PlayerGPA, Academic_interest, PlayerTranscript) values (11, 2.48, 'Sales', true);
insert into Academics (AcadID, PlayerGPA, Academic_interest, PlayerTranscript) values (12, 3.53, 'Research and Development', true);
insert into Academics (AcadID, PlayerGPA, Academic_interest, PlayerTranscript) values (13, 2.6, 'Training', true);
insert into Academics (AcadID, PlayerGPA, Academic_interest, PlayerTranscript) values (14, 2.09, 'Sales', false);
insert into Academics (AcadID, PlayerGPA, Academic_interest, PlayerTranscript) values (15, 2.12, 'Business Development', false);
insert into Academics (AcadID, PlayerGPA, Academic_interest, PlayerTranscript) values (16, 3.51, 'Human Resources', true);
insert into Academics (AcadID, PlayerGPA, Academic_interest, PlayerTranscript) values (17, 3.99, 'Marketing', true);
insert into Academics (AcadID, PlayerGPA, Academic_interest, PlayerTranscript) values (18, 2.17, 'Training', false);
insert into Academics (AcadID, PlayerGPA, Academic_interest, PlayerTranscript) values (19, 2.38, 'Training', true);
insert into Academics (AcadID, PlayerGPA, Academic_interest, PlayerTranscript) values (20, 2.68, 'Human Resources', true);

insert into OfferPlayer (OfferID, Offer) values (1, true);
insert into OfferPlayer (OfferID, Offer) values (2, true);
insert into OfferPlayer (OfferID, Offer) values (3, true);
insert into OfferPlayer (OfferID, Offer) values (4, true);
insert into OfferPlayer (OfferID, Offer) values (5, true);
insert into OfferPlayer (OfferID, Offer) values (6, false);
insert into OfferPlayer (OfferID, Offer) values (7, true);
insert into OfferPlayer (OfferID, Offer) values (8, false);
insert into OfferPlayer (OfferID, Offer) values (9, false);
insert into OfferPlayer (OfferID, Offer) values (10, false);
insert into OfferPlayer (OfferID, Offer) values (11, true);
insert into OfferPlayer (OfferID, Offer) values (12, false);
insert into OfferPlayer (OfferID, Offer) values (13, false);
insert into OfferPlayer (OfferID, Offer) values (14, false);
insert into OfferPlayer (OfferID, Offer) values (15, false);
insert into OfferPlayer (OfferID, Offer) values (16, false);
insert into OfferPlayer (OfferID, Offer) values (17, false);
insert into OfferPlayer (OfferID, Offer) values (18, true);
insert into OfferPlayer (OfferID, Offer) values (19, true);
insert into OfferPlayer (OfferID, Offer) values (20, true);

insert into Notes (NotesID, CoachComments, CoachCommentsDate, VisitType, VisitComments, VisitCommentsDate, ContactType, ContactNotes, ContactNotesDate, EventNotes, EventNotesDate) values (1, 'sapien cursus vestibulum proin eu mi nulla ac enim in tempor turpis nec euismod scelerisque quam turpis adipiscing lorem vitae mattis nibh ligula nec sem duis aliquam convallis nunc proin at turpis a pede posuere nonummy integer', '2020-04-25', 'in person', 'porta volutpat quam pede lobortis ligula sit amet eleifend pede libero quis', '2020-04-20', 'phone call', 'eget tempus vel pede morbi porttitor lorem id ligula suspendisse ornare consequat lectus in est risus auctor sed tristique in tempus sit amet sem fusce consequat nulla nisl nunc', '2021-07-26', 'sapien ut nunc vestibulum ante ipsum primis in faucibus orci luctus et ultrices posuere cubilia curae mauris viverra diam vitae quam suspendisse potenti nullam porttitor lacus at turpis', '2020-04-11');
insert into Notes (NotesID, CoachComments, CoachCommentsDate, VisitType, VisitComments, VisitCommentsDate, ContactType, ContactNotes, ContactNotesDate, EventNotes, EventNotesDate) values (2, 'in hac habitasse platea dictumst aliquam augue quam sollicitudin vitae consectetuer eget rutrum at lorem integer tincidunt ante vel ipsum praesent blandit lacinia erat vestibulum sed magna at nunc', '2021-02-24', 'over zoom', 'posuere cubilia curae donec pharetra magna vestibulum aliquet ultrices erat tortor sollicitudin mi sit amet lobortis sapien sapien non mi integer ac neque duis bibendum morbi non quam nec dui luctus rutrum nulla tellus in sagittis dui vel nisl duis ac nibh fusce lacus purus aliquet at', '2021-08-30', 'via email', 'semper rutrum nulla nunc purus phasellus in felis donec semper sapien a libero nam dui proin leo odio porttitor id consequat in consequat ut nulla sed accumsan felis ut', '2020-09-04', 'lobortis sapien sapien non mi integer ac neque duis bibendum morbi non quam nec dui luctus rutrum nulla tellus in sagittis dui vel nisl duis ac', '2020-11-05');
insert into Notes (NotesID, CoachComments, CoachCommentsDate, VisitType, VisitComments, VisitCommentsDate, ContactType, ContactNotes, ContactNotesDate, EventNotes, EventNotesDate) values (3, 'interdum mauris non ligula pellentesque ultrices phasellus id sapien in sapien iaculis congue vivamus', '2020-10-03', 'over zoom', 'molestie sed justo pellentesque viverra pede ac diam cras pellentesque volutpat dui maecenas tristique est et tempus semper est quam pharetra magna ac consequat metus sapien ut', '2020-06-13', 'via email', 'in lectus pellentesque at nulla suspendisse potenti cras in purus eu magna vulputate luctus cum sociis natoque penatibus et magnis dis parturient montes nascetur ridiculus mus vivamus vestibulum sagittis sapien cum sociis natoque', '2020-06-05', 'nulla neque libero convallis eget eleifend luctus ultricies eu nibh quisque id justo sit amet sapien dignissim vestibulum vestibulum ante ipsum primis in faucibus orci luctus et ultrices posuere cubilia curae nulla', '2021-08-22');
insert into Notes (NotesID, CoachComments, CoachCommentsDate, VisitType, VisitComments, VisitCommentsDate, ContactType, ContactNotes, ContactNotesDate, EventNotes, EventNotesDate) values (4, 'rhoncus aliquam lacus morbi quis tortor id nulla ultrices aliquet maecenas leo odio condimentum id luctus nec molestie sed justo pellentesque viverra pede ac diam cras pellentesque volutpat dui maecenas tristique est et tempus semper est quam pharetra magna ac consequat metus', '2021-09-27', 'phone call', 'in purus eu magna vulputate luctus cum sociis natoque penatibus et magnis dis parturient montes nascetur ridiculus mus vivamus vestibulum sagittis sapien cum sociis natoque penatibus et magnis dis parturient', '2021-06-09', 'phone call', 'nulla quisque arcu libero rutrum ac lobortis vel dapibus at diam nam tristique tortor', '2020-07-07', 'ac est lacinia nisi venenatis tristique fusce congue diam id ornare imperdiet sapien urna pretium nisl ut volutpat sapien arcu sed augue aliquam erat', '2021-07-10');
insert into Notes (NotesID, CoachComments, CoachCommentsDate, VisitType, VisitComments, VisitCommentsDate, ContactType, ContactNotes, ContactNotesDate, EventNotes, EventNotesDate) values (5, 'elit sodales scelerisque mauris sit amet eros suspendisse accumsan tortor quis', '2021-01-09', 'in person', 'lorem ipsum dolor sit amet consectetuer adipiscing elit proin interdum mauris non ligula pellentesque ultrices phasellus id sapien in sapien iaculis congue vivamus metus arcu adipiscing molestie hendrerit at vulputate', '2020-05-24', 'phone call', 'ut erat id mauris vulputate elementum nullam varius nulla facilisi cras non velit nec nisi vulputate nonummy maecenas tincidunt lacus at velit vivamus', '2021-09-14', 'accumsan felis ut at dolor quis odio consequat varius integer', '2020-09-30');
insert into Notes (NotesID, CoachComments, CoachCommentsDate, VisitType, VisitComments, VisitCommentsDate, ContactType, ContactNotes, ContactNotesDate, EventNotes, EventNotesDate) values (6, 'penatibus et magnis dis parturient montes nascetur ridiculus mus etiam vel augue vestibulum rutrum rutrum neque aenean auctor gravida sem praesent id massa id', '2020-12-19', 'in person', 'ridiculus mus vivamus vestibulum sagittis sapien cum sociis natoque penatibus et magnis dis parturient montes nascetur ridiculus mus etiam vel augue vestibulum rutrum rutrum neque aenean auctor gravida sem praesent', '2020-11-01', 'phone call', 'nulla pede ullamcorper augue a suscipit nulla elit ac nulla sed vel enim sit amet nunc viverra dapibus nulla suscipit ligula in lacus curabitur at ipsum ac tellus semper interdum mauris ullamcorper purus sit amet nulla quisque arcu libero rutrum ac lobortis vel dapibus at diam nam tristique', '2020-12-14', 'egestas metus aenean fermentum donec ut mauris eget massa tempor convallis nulla neque libero convallis eget eleifend luctus ultricies eu nibh quisque id justo sit amet sapien dignissim vestibulum vestibulum ante ipsum primis in faucibus orci luctus et ultrices posuere', '2021-07-22');
insert into Notes (NotesID, CoachComments, CoachCommentsDate, VisitType, VisitComments, VisitCommentsDate, ContactType, ContactNotes, ContactNotesDate, EventNotes, EventNotesDate) values (7, 'nascetur ridiculus mus etiam vel augue vestibulum rutrum rutrum neque aenean auctor gravida sem praesent id massa id nisl venenatis lacinia aenean sit amet justo morbi ut odio cras mi pede malesuada in imperdiet et commodo vulputate justo in blandit ultrices enim lorem ipsum dolor sit amet', '2021-08-30', 'phone call', 'eget tincidunt eget tempus vel pede morbi porttitor lorem id ligula suspendisse ornare consequat lectus in est risus auctor', '2020-09-13', 'phone call', 'nunc vestibulum ante ipsum primis in faucibus orci luctus et ultrices posuere cubilia curae mauris viverra diam vitae quam suspendisse potenti nullam porttitor lacus', '2021-07-13', 'sem mauris laoreet ut rhoncus aliquet pulvinar sed nisl nunc rhoncus dui vel sem sed sagittis nam congue risus semper porta volutpat quam pede lobortis ligula sit amet eleifend pede libero quis orci nullam molestie nibh in lectus pellentesque at nulla suspendisse', '2020-11-12');
insert into Notes (NotesID, CoachComments, CoachCommentsDate, VisitType, VisitComments, VisitCommentsDate, ContactType, ContactNotes, ContactNotesDate, EventNotes, EventNotesDate) values (8, 'convallis duis consequat dui nec nisi volutpat eleifend donec ut dolor morbi vel lectus in quam fringilla rhoncus mauris enim leo rhoncus sed vestibulum sit amet cursus id turpis integer aliquet massa id lobortis', '2020-05-12', 'in person', 'leo odio condimentum id luctus nec molestie sed justo pellentesque viverra pede ac diam cras pellentesque volutpat dui maecenas tristique est et tempus', '2021-09-29', 'via email', 'vitae nisl aenean lectus pellentesque eget nunc donec quis orci eget orci vehicula condimentum curabitur in libero ut massa volutpat convallis morbi odio odio elementum eu interdum eu tincidunt in leo maecenas pulvinar lobortis est phasellus sit amet erat nulla tempus vivamus in felis eu sapien cursus vestibulum proin', '2020-08-31', 'nunc purus phasellus in felis donec semper sapien a libero nam dui proin leo odio porttitor id consequat in consequat ut nulla sed accumsan felis ut at dolor quis odio consequat varius integer ac', '2020-09-12');
insert into Notes (NotesID, CoachComments, CoachCommentsDate, VisitType, VisitComments, VisitCommentsDate, ContactType, ContactNotes, ContactNotesDate, EventNotes, EventNotesDate) values (9, 'donec diam neque vestibulum eget vulputate ut ultrices vel augue vestibulum ante ipsum primis in faucibus', '2020-11-20', 'in person', 'nunc commodo placerat praesent blandit nam nulla integer pede justo lacinia eget tincidunt eget tempus vel pede morbi porttitor', '2020-07-30', 'phone call', 'mi pede malesuada in imperdiet et commodo vulputate justo in blandit ultrices enim lorem ipsum dolor sit amet consectetuer adipiscing elit proin interdum mauris non ligula pellentesque ultrices phasellus id sapien in sapien iaculis', '2020-07-11', 'est risus auctor sed tristique in tempus sit amet sem fusce consequat nulla nisl nunc nisl duis bibendum felis', '2021-05-18');
insert into Notes (NotesID, CoachComments, CoachCommentsDate, VisitType, VisitComments, VisitCommentsDate, ContactType, ContactNotes, ContactNotesDate, EventNotes, EventNotesDate) values (10, 'augue aliquam erat volutpat in congue etiam justo etiam pretium iaculis justo in hac habitasse platea dictumst etiam faucibus cursus urna ut tellus nulla ut erat id mauris vulputate elementum nullam varius nulla facilisi cras non velit nec nisi vulputate nonummy maecenas tincidunt lacus at velit vivamus vel nulla eget', '2020-08-24', 'phone call', 'ligula nec sem duis aliquam convallis nunc proin at turpis a pede posuere nonummy integer non velit donec diam neque vestibulum eget vulputate ut ultrices vel augue vestibulum ante ipsum primis in faucibus orci luctus et ultrices', '2021-09-04', 'phone call', 'eu orci mauris lacinia sapien quis libero nullam sit amet turpis elementum', '2020-08-24', 'habitasse platea dictumst maecenas ut massa quis augue luctus tincidunt nulla mollis molestie lorem quisque ut erat curabitur gravida nisi at nibh in hac habitasse platea dictumst aliquam augue', '2021-10-19');
insert into Notes (NotesID, CoachComments, CoachCommentsDate, VisitType, VisitComments, VisitCommentsDate, ContactType, ContactNotes, ContactNotesDate, EventNotes, EventNotesDate) values (11, 'mus etiam vel augue vestibulum rutrum rutrum neque aenean auctor gravida sem praesent id massa id nisl venenatis lacinia aenean sit amet justo morbi ut odio cras mi pede malesuada in imperdiet et commodo vulputate', '2020-10-14', 'over zoom', 'mauris non ligula pellentesque ultrices phasellus id sapien in sapien iaculis congue vivamus metus arcu adipiscing molestie hendrerit at vulputate vitae nisl aenean lectus pellentesque eget nunc donec quis orci eget orci vehicula condimentum curabitur in libero ut massa volutpat convallis morbi odio', '2021-06-20', 'phone call', 'tellus in sagittis dui vel nisl duis ac nibh fusce lacus purus aliquet at feugiat non pretium quis lectus suspendisse potenti in eleifend quam a odio in', '2021-06-15', 'vulputate nonummy maecenas tincidunt lacus at velit vivamus vel nulla eget eros elementum pellentesque quisque porta', '2021-10-27');
insert into Notes (NotesID, CoachComments, CoachCommentsDate, VisitType, VisitComments, VisitCommentsDate, ContactType, ContactNotes, ContactNotesDate, EventNotes, EventNotesDate) values (12, 'at nulla suspendisse potenti cras in purus eu magna vulputate luctus cum sociis natoque penatibus et magnis dis parturient montes nascetur ridiculus mus vivamus vestibulum sagittis sapien cum sociis natoque penatibus et magnis dis parturient montes nascetur ridiculus mus etiam vel augue vestibulum rutrum', '2021-05-13', 'via email', 'tortor duis mattis egestas metus aenean fermentum donec ut mauris eget massa tempor convallis nulla neque libero convallis eget eleifend luctus ultricies eu nibh quisque id justo sit amet sapien dignissim vestibulum vestibulum', '2020-06-14', 'text message', 'nonummy maecenas tincidunt lacus at velit vivamus vel nulla eget eros elementum pellentesque quisque porta volutpat erat quisque erat eros viverra eget congue eget semper rutrum nulla nunc purus phasellus in felis donec semper sapien a libero nam dui proin leo odio porttitor id consequat in consequat ut', '2020-09-13', 'ut rhoncus aliquet pulvinar sed nisl nunc rhoncus dui vel sem sed sagittis nam congue risus semper porta volutpat quam pede lobortis ligula sit amet eleifend pede libero quis', '2021-06-02');
insert into Notes (NotesID, CoachComments, CoachCommentsDate, VisitType, VisitComments, VisitCommentsDate, ContactType, ContactNotes, ContactNotesDate, EventNotes, EventNotesDate) values (13, 'pretium iaculis diam erat fermentum justo nec condimentum neque sapien placerat ante nulla justo aliquam quis turpis eget elit sodales scelerisque mauris sit amet eros suspendisse accumsan tortor quis turpis', '2020-06-18', 'in person', 'enim blandit mi in porttitor pede justo eu massa donec dapibus duis at velit eu est congue elementum in hac habitasse platea', '2020-11-26', 'phone call', 'sagittis nam congue risus semper porta volutpat quam pede lobortis ligula sit amet eleifend pede libero quis orci nullam molestie nibh in lectus pellentesque at nulla suspendisse potenti cras in purus eu', '2021-07-06', 'est congue elementum in hac habitasse platea dictumst morbi vestibulum velit id pretium iaculis diam erat fermentum justo nec condimentum neque sapien placerat ante nulla justo aliquam quis', '2021-07-17');
insert into Notes (NotesID, CoachComments, CoachCommentsDate, VisitType, VisitComments, VisitCommentsDate, ContactType, ContactNotes, ContactNotesDate, EventNotes, EventNotesDate) values (14, 'nam congue risus semper porta volutpat quam pede lobortis ligula sit amet eleifend pede', '2020-11-16', 'in person', 'sociis natoque penatibus et magnis dis parturient montes nascetur ridiculus mus etiam vel augue vestibulum rutrum', '2020-07-30', 'over zoom', 'lobortis est phasellus sit amet erat nulla tempus vivamus in felis eu sapien cursus vestibulum proin eu mi nulla ac enim in tempor turpis nec euismod scelerisque quam turpis adipiscing lorem vitae mattis nibh ligula nec sem duis aliquam convallis', '2020-11-08', 'id luctus nec molestie sed justo pellentesque viverra pede ac diam cras pellentesque volutpat dui maecenas tristique est et tempus semper est quam pharetra magna ac consequat metus sapien ut nunc vestibulum ante ipsum primis in faucibus orci luctus et ultrices posuere cubilia', '2020-08-03');
insert into Notes (NotesID, CoachComments, CoachCommentsDate, VisitType, VisitComments, VisitCommentsDate, ContactType, ContactNotes, ContactNotesDate, EventNotes, EventNotesDate) values (15, 'curae donec pharetra magna vestibulum aliquet ultrices erat tortor sollicitudin mi sit amet lobortis sapien sapien non mi integer ac neque duis bibendum morbi non quam nec dui luctus rutrum nulla tellus in sagittis', '2020-12-04', 'in person', 'suspendisse potenti cras in purus eu magna vulputate luctus cum sociis natoque penatibus et magnis dis parturient montes nascetur ridiculus mus vivamus vestibulum sagittis sapien cum sociis', '2021-02-05', 'text message', 'elementum eu interdum eu tincidunt in leo maecenas pulvinar lobortis est phasellus sit amet erat nulla tempus vivamus in felis eu sapien cursus vestibulum proin eu mi nulla ac enim in tempor turpis nec euismod scelerisque quam turpis adipiscing lorem', '2021-02-01', 'non quam nec dui luctus rutrum nulla tellus in sagittis dui vel nisl duis', '2020-07-18');
insert into Notes (NotesID, CoachComments, CoachCommentsDate, VisitType, VisitComments, VisitCommentsDate, ContactType, ContactNotes, ContactNotesDate, EventNotes, EventNotesDate) values (16, 'volutpat sapien arcu sed augue aliquam erat volutpat in congue etiam justo etiam pretium iaculis justo in hac habitasse platea dictumst etiam faucibus cursus urna ut tellus nulla ut erat id mauris vulputate elementum', '2021-01-26', 'over zoom', 'fermentum justo nec condimentum neque sapien placerat ante nulla justo aliquam quis turpis eget elit sodales scelerisque mauris sit amet eros suspendisse accumsan tortor quis turpis sed ante vivamus tortor', '2021-01-28', 'via email', 'orci mauris lacinia sapien quis libero nullam sit amet turpis elementum ligula vehicula consequat morbi a ipsum integer a nibh in quis', '2020-11-07', 'tellus in sagittis dui vel nisl duis ac nibh fusce lacus purus aliquet at feugiat non pretium quis lectus suspendisse potenti in eleifend quam a odio in hac habitasse platea dictumst maecenas ut massa quis augue luctus tincidunt nulla mollis molestie lorem quisque ut erat curabitur gravida nisi at', '2021-03-17');
insert into Notes (NotesID, CoachComments, CoachCommentsDate, VisitType, VisitComments, VisitCommentsDate, ContactType, ContactNotes, ContactNotesDate, EventNotes, EventNotesDate) values (17, 'magna bibendum imperdiet nullam orci pede venenatis non sodales sed tincidunt eu felis fusce posuere felis sed lacus morbi sem mauris laoreet ut rhoncus aliquet pulvinar', '2020-07-15', 'over zoom', 'tincidunt lacus at velit vivamus vel nulla eget eros elementum pellentesque quisque porta volutpat erat quisque', '2021-10-31', 'via email', 'lorem integer tincidunt ante vel ipsum praesent blandit lacinia erat vestibulum sed magna at nunc commodo placerat praesent blandit nam nulla integer pede justo lacinia eget tincidunt eget tempus vel pede morbi porttitor lorem id ligula suspendisse ornare consequat lectus in est risus', '2020-07-17', 'augue luctus tincidunt nulla mollis molestie lorem quisque ut erat curabitur gravida nisi at nibh in hac habitasse platea dictumst', '2021-02-22');
insert into Notes (NotesID, CoachComments, CoachCommentsDate, VisitType, VisitComments, VisitCommentsDate, ContactType, ContactNotes, ContactNotesDate, EventNotes, EventNotesDate) values (18, 'pede justo lacinia eget tincidunt eget tempus vel pede morbi porttitor lorem id ligula suspendisse ornare consequat lectus in est risus auctor sed tristique in tempus sit amet sem fusce consequat', '2021-06-05', 'over zoom', 'quis odio consequat varius integer ac leo pellentesque ultrices mattis odio donec', '2020-04-29', 'via email', 'neque duis bibendum morbi non quam nec dui luctus rutrum nulla tellus in sagittis dui vel nisl duis ac', '2021-09-26', 'cum sociis natoque penatibus et magnis dis parturient montes nascetur ridiculus mus etiam vel augue vestibulum rutrum rutrum neque aenean auctor gravida sem praesent id massa id nisl venenatis lacinia aenean sit amet justo morbi ut odio cras mi pede malesuada in imperdiet et commodo', '2020-08-30');
insert into Notes (NotesID, CoachComments, CoachCommentsDate, VisitType, VisitComments, VisitCommentsDate, ContactType, ContactNotes, ContactNotesDate, EventNotes, EventNotesDate) values (19, 'aenean lectus pellentesque eget nunc donec quis orci eget orci vehicula condimentum curabitur in libero ut massa volutpat convallis morbi odio odio elementum eu interdum eu tincidunt in leo maecenas pulvinar lobortis est phasellus sit amet erat nulla', '2020-06-30', 'in person', 'ultrices posuere cubilia curae mauris viverra diam vitae quam suspendisse potenti nullam porttitor lacus at turpis donec posuere metus vitae ipsum aliquam non mauris morbi non lectus aliquam sit amet diam', '2021-07-04', 'phone call', 'in ante vestibulum ante ipsum primis in faucibus orci luctus et ultrices posuere cubilia curae duis faucibus accumsan odio curabitur convallis duis consequat dui nec nisi volutpat eleifend donec ut dolor morbi vel lectus in', '2021-10-20', 'justo in blandit ultrices enim lorem ipsum dolor sit amet consectetuer adipiscing elit proin interdum mauris non ligula pellentesque ultrices phasellus id sapien in sapien iaculis congue vivamus metus arcu adipiscing molestie hendrerit at vulputate vitae nisl', '2020-05-19');
insert into Notes (NotesID, CoachComments, CoachCommentsDate, VisitType, VisitComments, VisitCommentsDate, ContactType, ContactNotes, ContactNotesDate, EventNotes, EventNotesDate) values (20, 'primis in faucibus orci luctus et ultrices posuere cubilia curae duis faucibus accumsan odio curabitur convallis duis consequat dui nec nisi volutpat eleifend donec ut dolor morbi vel lectus in quam fringilla rhoncus mauris enim leo rhoncus sed vestibulum sit amet cursus id turpis integer aliquet massa id lobortis', '2021-10-26', 'over zoom', 'vivamus vestibulum sagittis sapien cum sociis natoque penatibus et magnis dis parturient montes nascetur ridiculus mus etiam vel augue vestibulum rutrum rutrum neque aenean auctor gravida sem praesent id massa id nisl venenatis lacinia aenean sit amet justo morbi ut odio cras mi pede malesuada in imperdiet et', '2021-07-29', false, 'sem fusce consequat nulla nisl nunc nisl duis bibendum felis sed interdum venenatis turpis enim blandit mi in porttitor pede justo eu massa donec dapibus duis at', '2020-06-04', 'faucibus orci luctus et ultrices posuere cubilia curae mauris viverra diam vitae quam suspendisse potenti nullam porttitor lacus at', '2020-05-17');

insert into PlayerNotes (PlayerID, NotesID) values (1, 1);
insert into PlayerNotes (PlayerID, NotesID) values (2, 2);
insert into PlayerNotes (PlayerID, NotesID) values (3, 3);
insert into PlayerNotes (PlayerID, NotesID) values (4, 4);
insert into PlayerNotes (PlayerID, NotesID) values (5, 5);
insert into PlayerNotes (PlayerID, NotesID) values (6, 6);
insert into PlayerNotes (PlayerID, NotesID) values (7, 7);
insert into PlayerNotes (PlayerID, NotesID) values (8, 8);
insert into PlayerNotes (PlayerID, NotesID) values (9, 9);
insert into PlayerNotes (PlayerID, NotesID) values (10, 10);
insert into PlayerNotes (PlayerID, NotesID) values (11, 11);
insert into PlayerNotes (PlayerID, NotesID) values (12, 12);
insert into PlayerNotes (PlayerID, NotesID) values (13, 13);
insert into PlayerNotes (PlayerID, NotesID) values (14, 14);
insert into PlayerNotes (PlayerID, NotesID) values (15, 15);
insert into PlayerNotes (PlayerID, NotesID) values (16, 16);
insert into PlayerNotes (PlayerID, NotesID) values (17, 17);
insert into PlayerNotes (PlayerID, NotesID) values (18, 18);
insert into PlayerNotes (PlayerID, NotesID) values (19, 19);
insert into PlayerNotes (PlayerID, NotesID) values (20, 20);